channel_id,view_count,sub_count,video_count,created_at,created_date
UCGbshtvS9t-8CW11W7TooQg,2077262860,6660000,9455,2024-02-04 12:34:49+00,2024-02-04
UCvw1LiGdyulhnGksJlGWB6g,3259941884,9550000,478,2024-02-04 12:34:49+00,2024-02-04
UCHm9SiOLG8UoBT8STWY5mVA,1288711095,5830000,870,2024-02-04 12:34:49+00,2024-02-04
UCnWCj9UofS6OxSK34xWvKCg,3962578132,5790000,2373,2024-02-04 12:34:49+00,2024-02-04
UCXpxKdZAiyUEaTkoCPpEZzg,2135353789,5170000,299,2024-02-04 12:34:49+00,2024-02-04
UCFUtqTcgJgRnmZ3tMU6P74Q,1704640449,3600000,1102,2024-02-04 12:34:49+00,2024-02-04
UC6FcYHEm7SO1jpu5TKjNXEA,1152286622,3570000,338,2024-02-04 12:34:49+00,2024-02-04
UCI7ktPB6toqucpkkCiolwLg,607815892,3530000,721,2024-02-04 12:34:49+00,2024-02-04
UCPcF3KTqhD67ADkukx_OeDg,5758562790,3520000,5662,2024-02-04 12:34:49+00,2024-02-04
UCFsXFlbI8FpNAVQ_RL3I4bw,1374596941,3500000,1206,2024-02-04 12:34:49+00,2024-02-04
UC5l1Yto5oOIgRXlI4p4VKbw,3286560597,3280000,115571,2024-02-04 12:34:49+00,2024-02-04
UCdEpz2A4DzV__4C1x2quKLw,114617206,1410000,489,2024-02-04 12:34:49+00,2024-02-04
UCrLO-yoAu4ZTzRSdmWqS53A,1350330621,3140000,2002,2024-02-04 12:34:49+00,2024-02-04
UCnJEWsS5agXCkqIpyHC9Grg,2247167535,3130000,5102,2024-02-04 12:34:49+00,2024-02-04
UCKQVSNdzGBJSXaUmS4TOWww,4629898555,3110000,34675,2024-02-04 12:34:49+00,2024-02-04
UCX9VHpN62jkqCCntHxymPOA,4038331422,3030000,27376,2024-02-04 12:34:49+00,2024-02-04
UCttafJi4SCirZhlxsxISbyA,1938586057,3030000,1821,2024-02-04 12:34:49+00,2024-02-04
UC8CU5nVhCQIdAGrFFp4loOQ,4171577284,2940000,27,2024-02-04 12:34:49+00,2024-02-04
UCeo3JwE3HezUWFdVcehQk9Q,359584247,2770000,701,2024-02-04 12:34:49+00,2024-02-04
UC7ovu6a8ydIbDy0fAKmoZ9A,3993150311,2750000,2203,2024-02-04 12:34:49+00,2024-02-04
UC5nwNW4KdC0SzrhF9BXEYOQ,5760386591,2580000,431021,2024-02-04 12:34:49+00,2024-02-04
UCPRWWKG0VkBA0Pqa4Jr5j0Q,1032432696,2570000,2819,2024-02-04 12:34:49+00,2024-02-04
UCAYrMNl92jw6cpjdpBP8JyA,371030186,2550000,564,2024-02-04 12:34:49+00,2024-02-04
UCgDbdS9sm90CG771uznT8wg,875193348,1420000,16129,2024-02-04 12:34:49+00,2024-02-04
UCdxoeijd8BEuQlARHDcz4EA,827146811,1400000,349,2024-02-04 12:34:49+00,2024-02-04
UCsyxqzJGL20zRlnmD2bkPqg,1457258632,1400000,326,2024-02-04 12:34:49+00,2024-02-04
UCjhwHd3mgmqm0ONm0bXKmng,249726891,1380000,304,2024-02-04 12:34:49+00,2024-02-04
UCiWXd0nmBjlKROwzMyPV-Nw,834482893,1380000,4161,2024-02-04 12:34:49+00,2024-02-04
UCI1zO6-A3h7DHg-R_x34vLg,410458092,1360000,4902,2024-02-04 12:34:49+00,2024-02-04
UC7ia-A8gma8qcdC6GDcjwsQ,307429332,1370000,571,2024-02-04 12:34:49+00,2024-02-04
UCpSB70OL7IO7RnZCj_7MQDw,512236741,1360000,2494,2024-02-04 12:34:49+00,2024-02-04
UC7XxnhjdYjiQJ3m80K_N_4g,177944789,1360000,140,2024-02-04 12:34:49+00,2024-02-04
UCDrswN-SqWh7Kii62h9aXGA,621891180,1780000,718,2024-02-05 08:25:23.006531+00,2024-02-05
UC2TuODJhC03pLgd6MpWP0iw,3832813066,1750000,195942,2024-02-05 08:25:23.006531+00,2024-02-05
UCV1OpUwWJCMiv6gJCRR6yAg,342116952,1720000,337,2024-02-05 08:25:23.006531+00,2024-02-05
UCiMiEL1XRXANaypB2wEdr5w,4328003988,1650000,33779,2024-02-05 08:25:23.006531+00,2024-02-05
UCEfetJrzg6OcXWWuX8uhdhw,900654887,1650000,1322,2024-02-05 08:25:23.006531+00,2024-02-05
UCAqzHNzLTC6Vm5UYE7xw_2A,705627204,1620000,11939,2024-02-05 08:25:23.006531+00,2024-02-05
UCcb9uxCoIgw7RQjQnlgd0Xw,186628958,1460000,603,2024-02-05 08:25:23.006531+00,2024-02-05
UCwWXGnvVmi-6Sfx2wf8S8tQ,620890117,1600000,7128,2024-02-05 08:25:23.006531+00,2024-02-05
UC6VKHP606ee6ffKwKmBHSig,369547072,1590000,240,2024-02-05 08:25:23.006531+00,2024-02-05
UCJWXJTaLqI5KBnJuaXbCaTg,283817394,1580000,467,2024-02-05 08:25:23.006531+00,2024-02-05
UCiWRSesvSYmY7YOyz0tv_zQ,1720932009,1580000,14659,2024-02-05 08:25:23.006531+00,2024-02-05
UCIU8ha-NHmLjtUwU7dFiXUA,5256513002,2520000,173957,2024-02-04 12:34:49+00,2024-02-04
UCPwxSX0DYDMQxCvgfeVDv_g,727997195,2510000,1027,2024-02-04 12:34:49+00,2024-02-04
UCpu3bemTQwAU8PqM4kJdoEQ,4083271763,2400000,271704,2024-02-04 12:34:49+00,2024-02-04
UCLW_SzI9txZvtOFTPDswxqg,830944109,2340000,1436,2024-02-04 12:34:49+00,2024-02-04
UCcb9uxCoIgw7RQjQnlgd0Xw,186566317,1460000,603,2024-02-04 12:34:49+00,2024-02-04
UCR3asjvr_WAaxwJYEDV_Bfw,5346295512,2330000,410067,2024-02-04 12:34:49+00,2024-02-04
UC3LBFXbWtEBdOOUb8-qJm9Q,821812299,2260000,797,2024-02-04 12:34:49+00,2024-02-04
UCV_S2S-Zs8LeuJxK-T3RQQg,1025151803,2220000,1634,2024-02-04 12:34:49+00,2024-02-04
UCH3aos_uf4pGHbkANSbceEg,1142606607,2140000,448,2024-02-04 12:34:49+00,2024-02-04
UCgdwtyqBunlRb-i-7PnCssQ,1237988529,2040000,11940,2024-02-04 12:34:49+00,2024-02-04
UC4Aclpo5YyXbKPeiZNO_uiw,1238018565,1900000,1056,2024-02-04 12:34:49+00,2024-02-04
UCIECJyQ6meDyN-UnVHgXAMA,2134716474,1870000,18379,2024-02-04 12:34:49+00,2024-02-04
UC9i2Qgd5lizhVgJrdnxunKw,357853142,1820000,415,2024-02-04 12:34:49+00,2024-02-04
UCGpNjY0Xq2GJLXh4OOX1LOA,274974274,1450000,362,2024-02-04 12:34:49+00,2024-02-04
UCr90FXGOO8nAE9B6FAUeTNA,198335782,1790000,763,2024-02-04 12:34:49+00,2024-02-04
UCEsinqZjZ11w0T9ZvyKIr6A,2052486111,1780000,2077,2024-02-04 12:34:49+00,2024-02-04
UCDrswN-SqWh7Kii62h9aXGA,621497475,1780000,716,2024-02-04 12:34:49+00,2024-02-04
UC2TuODJhC03pLgd6MpWP0iw,3830348233,1750000,195896,2024-02-04 12:34:49+00,2024-02-04
UCV1OpUwWJCMiv6gJCRR6yAg,341519740,1720000,336,2024-02-04 12:34:49+00,2024-02-04
UCiMiEL1XRXANaypB2wEdr5w,4327087771,1650000,33774,2024-02-04 12:34:49+00,2024-02-04
UCEfetJrzg6OcXWWuX8uhdhw,900449551,1650000,1322,2024-02-04 12:34:49+00,2024-02-04
UCAqzHNzLTC6Vm5UYE7xw_2A,705232388,1620000,11932,2024-02-04 12:34:49+00,2024-02-04
UCtcaZ5FUqaNXGX6xhpiGPQA,537686573,1600000,749,2024-02-04 12:34:49+00,2024-02-04
UCLZBXiS9ZrIXgKBs_SMfGBQ,1860172102,1440000,35647,2024-02-04 12:34:49+00,2024-02-04
UCwWXGnvVmi-6Sfx2wf8S8tQ,620095399,1600000,7126,2024-02-04 12:34:49+00,2024-02-04
UC6VKHP606ee6ffKwKmBHSig,369476221,1590000,240,2024-02-04 12:34:49+00,2024-02-04
UCJWXJTaLqI5KBnJuaXbCaTg,283773350,1580000,467,2024-02-04 12:34:49+00,2024-02-04
UCiWRSesvSYmY7YOyz0tv_zQ,1720577922,1580000,14656,2024-02-04 12:34:49+00,2024-02-04
UCIF_gt4BfsWyM_2GOcKXyEQ,314266872,1580000,731,2024-02-04 12:34:49+00,2024-02-04
UCStpPtoeQUYII1Jsbl0qf8A,835551321,1580000,867,2024-02-04 12:34:49+00,2024-02-04
UCw2W7GIqJNB-UMUxncnMuiw,551224529,1570000,622,2024-02-04 12:34:49+00,2024-02-04
UCQU5uVTG8h9LToACKrm1LMA,1132843071,1550000,3067,2024-02-04 12:34:49+00,2024-02-04
UCmdVfsLHu18lCkKYXSOGUxg,2090303147,1540000,195067,2024-02-04 12:34:49+00,2024-02-04
UCCsUQXwhDj4iVlhG4VCq6Kg,2556391196,1540000,1568,2024-02-04 12:34:49+00,2024-02-04
UC8zkK0-g8S8Z_t8ZjUmpAlA,185870775,1540000,568,2024-02-04 12:34:49+00,2024-02-04
UCCBq7s8VOCyek275uvq5lYQ,560629011,1540000,2002,2024-02-04 12:34:49+00,2024-02-04
UCxUzQ3wu0oJP_8YLWt71WgQ,659870398,1500000,1075,2024-02-04 12:34:49+00,2024-02-04
UCCtTgzGzQSWVzCG0xR7U-MQ,400932962,1500000,3840,2024-02-04 12:34:49+00,2024-02-04
UC8wI85SlecrsLdPm-I73PzA,390152773,1470000,301,2024-02-04 12:34:49+00,2024-02-04
UCbIJeyl_va8MG2xx0q4Uobg,369896319,1460000,359,2024-02-04 12:34:49+00,2024-02-04
UCGGrblndNzi86WY5lJkQJiA,295771569,1420000,1560,2024-02-04 12:34:49+00,2024-02-04
UCFsNxYnUEs4tcqyddJhW43g,957720611,1410000,1293,2024-02-04 12:34:49+00,2024-02-04
UCStpPtoeQUYII1Jsbl0qf8A,835646798,1580000,867,2024-02-05 08:25:23.006531+00,2024-02-05
UCw2W7GIqJNB-UMUxncnMuiw,551283609,1570000,622,2024-02-05 08:25:23.006531+00,2024-02-05
UCQU5uVTG8h9LToACKrm1LMA,1132947216,1550000,3067,2024-02-05 08:25:23.006531+00,2024-02-05
UCmdVfsLHu18lCkKYXSOGUxg,2091183513,1540000,195087,2024-02-05 08:25:23.006531+00,2024-02-05
UCCsUQXwhDj4iVlhG4VCq6Kg,2556727131,1540000,1568,2024-02-05 08:25:23.006531+00,2024-02-05
UC8zkK0-g8S8Z_t8ZjUmpAlA,185981906,1540000,568,2024-02-05 08:25:23.006531+00,2024-02-05
UCCBq7s8VOCyek275uvq5lYQ,560700125,1540000,2002,2024-02-05 08:25:23.006531+00,2024-02-05
UCCtTgzGzQSWVzCG0xR7U-MQ,400985776,1500000,3840,2024-02-05 08:25:23.006531+00,2024-02-05
UC8wI85SlecrsLdPm-I73PzA,390785811,1470000,301,2024-02-05 08:25:23.006531+00,2024-02-05
UCbIJeyl_va8MG2xx0q4Uobg,370449223,1460000,359,2024-02-05 08:25:23.006531+00,2024-02-05
UCLZBXiS9ZrIXgKBs_SMfGBQ,1860540264,1440000,35654,2024-02-05 08:25:23.006531+00,2024-02-05
UCFsNxYnUEs4tcqyddJhW43g,958120793,1410000,1292,2024-02-05 08:25:23.006531+00,2024-02-05
UCgDbdS9sm90CG771uznT8wg,876102846,1420000,16141,2024-02-05 08:25:23.006531+00,2024-02-05
UCdxoeijd8BEuQlARHDcz4EA,827781682,1400000,349,2024-02-05 08:25:23.006531+00,2024-02-05
UCsyxqzJGL20zRlnmD2bkPqg,1462891059,1400000,327,2024-02-05 08:25:23.006531+00,2024-02-05
UCFUtqTcgJgRnmZ3tMU6P74Q,1704640449,3600000,1102,2024-02-05 08:25:23.006531+00,2024-02-05
UC9i2Qgd5lizhVgJrdnxunKw,358004600,1820000,416,2024-02-05 08:25:23.006531+00,2024-02-05
UCeo3JwE3HezUWFdVcehQk9Q,359622081,2770000,701,2024-02-05 08:25:23.006531+00,2024-02-05
UCPwxSX0DYDMQxCvgfeVDv_g,728111435,2510000,1027,2024-02-05 08:25:23.006531+00,2024-02-05
UCtcaZ5FUqaNXGX6xhpiGPQA,537796853,1600000,749,2024-02-05 08:25:23.006531+00,2024-02-05
UCGpNjY0Xq2GJLXh4OOX1LOA,275018920,1450000,362,2024-02-05 08:25:23.006531+00,2024-02-05
UCIF_gt4BfsWyM_2GOcKXyEQ,314301486,1580000,731,2024-02-05 08:25:23.006531+00,2024-02-05
UCxUzQ3wu0oJP_8YLWt71WgQ,659920400,1500000,1075,2024-02-05 08:25:23.006531+00,2024-02-05
UCjhwHd3mgmqm0ONm0bXKmng,249732476,1380000,304,2024-02-05 08:25:23.006531+00,2024-02-05
UCiWXd0nmBjlKROwzMyPV-Nw,835263827,1380000,4158,2024-02-05 08:25:23.006531+00,2024-02-05
UCI1zO6-A3h7DHg-R_x34vLg,410554354,1360000,4903,2024-02-05 08:25:23.006531+00,2024-02-05
UC7ia-A8gma8qcdC6GDcjwsQ,309921571,1370000,571,2024-02-05 08:25:23.006531+00,2024-02-05
UCpSB70OL7IO7RnZCj_7MQDw,512254205,1360000,2494,2024-02-05 08:25:23.006531+00,2024-02-05
UC7XxnhjdYjiQJ3m80K_N_4g,178015104,1360000,140,2024-02-05 08:25:23.006531+00,2024-02-05
UCvw1LiGdyulhnGksJlGWB6g,3264453055,9550000,478,2024-02-05 08:25:23.006531+00,2024-02-05
UCGbshtvS9t-8CW11W7TooQg,2078926678,6660000,9456,2024-02-05 08:25:23.006531+00,2024-02-05
UCHm9SiOLG8UoBT8STWY5mVA,1288930426,5830000,870,2024-02-05 08:25:23.006531+00,2024-02-05
UCnWCj9UofS6OxSK34xWvKCg,3969523721,5800000,2373,2024-02-05 08:25:23.006531+00,2024-02-05
UCXpxKdZAiyUEaTkoCPpEZzg,2136352326,5170000,299,2024-02-05 08:25:23.006531+00,2024-02-05
UC6FcYHEm7SO1jpu5TKjNXEA,1152547273,3570000,338,2024-02-05 08:25:23.006531+00,2024-02-05
UCI7ktPB6toqucpkkCiolwLg,608030325,3540000,721,2024-02-05 08:25:23.006531+00,2024-02-05
UCPcF3KTqhD67ADkukx_OeDg,5760067425,3520000,5662,2024-02-05 08:25:23.006531+00,2024-02-05
UCGGrblndNzi86WY5lJkQJiA,295848407,1420000,1560,2024-02-05 08:25:23.006531+00,2024-02-05
UCFsXFlbI8FpNAVQ_RL3I4bw,1374825952,3500000,1207,2024-02-05 08:25:23.006531+00,2024-02-05
UC5l1Yto5oOIgRXlI4p4VKbw,3288064701,3280000,115644,2024-02-05 08:25:23.006531+00,2024-02-05
UCrLO-yoAu4ZTzRSdmWqS53A,1350655843,3140000,2002,2024-02-05 08:25:23.006531+00,2024-02-05
UCnJEWsS5agXCkqIpyHC9Grg,2247707549,3130000,5102,2024-02-05 08:25:23.006531+00,2024-02-05
UCKQVSNdzGBJSXaUmS4TOWww,4631005568,3120000,34681,2024-02-05 08:25:23.006531+00,2024-02-05
UCX9VHpN62jkqCCntHxymPOA,4039004907,3030000,27386,2024-02-05 08:25:23.006531+00,2024-02-05
UCpu3bemTQwAU8PqM4kJdoEQ,4085181127,2400000,271782,2024-02-05 08:25:23.006531+00,2024-02-05
UCttafJi4SCirZhlxsxISbyA,1939193538,3030000,1821,2024-02-05 08:25:23.006531+00,2024-02-05
UC8CU5nVhCQIdAGrFFp4loOQ,4171577284,2940000,27,2024-02-05 08:25:23.006531+00,2024-02-05
UC7ovu6a8ydIbDy0fAKmoZ9A,3994039245,2750000,2203,2024-02-05 08:25:23.006531+00,2024-02-05
UC5nwNW4KdC0SzrhF9BXEYOQ,5762731480,2580000,431104,2024-02-05 08:25:23.006531+00,2024-02-05
UCPRWWKG0VkBA0Pqa4Jr5j0Q,1032738647,2570000,2820,2024-02-05 08:25:23.006531+00,2024-02-05
UCAYrMNl92jw6cpjdpBP8JyA,371030186,2550000,564,2024-02-05 08:25:23.006531+00,2024-02-05
UCIU8ha-NHmLjtUwU7dFiXUA,5257792118,2520000,174031,2024-02-05 08:25:23.006531+00,2024-02-05
UCLW_SzI9txZvtOFTPDswxqg,831149422,2340000,1437,2024-02-05 08:25:23.006531+00,2024-02-05
UCR3asjvr_WAaxwJYEDV_Bfw,5350092023,2330000,410144,2024-02-05 08:25:23.006531+00,2024-02-05
UC3LBFXbWtEBdOOUb8-qJm9Q,822008027,2260000,797,2024-02-05 08:25:23.006531+00,2024-02-05
UCV_S2S-Zs8LeuJxK-T3RQQg,1025883497,2220000,1635,2024-02-05 08:25:23.006531+00,2024-02-05
UCH3aos_uf4pGHbkANSbceEg,1142856213,2140000,448,2024-02-05 08:25:23.006531+00,2024-02-05
UCgdwtyqBunlRb-i-7PnCssQ,1239149305,2040000,11920,2024-02-05 08:25:23.006531+00,2024-02-05
UC4Aclpo5YyXbKPeiZNO_uiw,1238187193,1900000,1056,2024-02-05 08:25:23.006531+00,2024-02-05
UCIECJyQ6meDyN-UnVHgXAMA,2135147686,1870000,18380,2024-02-05 08:25:23.006531+00,2024-02-05
UCdEpz2A4DzV__4C1x2quKLw,114648621,1410000,489,2024-02-05 08:25:23.006531+00,2024-02-05
UCr90FXGOO8nAE9B6FAUeTNA,198369482,1790000,763,2024-02-05 08:25:23.006531+00,2024-02-05
UCEsinqZjZ11w0T9ZvyKIr6A,2052833430,1780000,2077,2024-02-05 08:25:23.006531+00,2024-02-05
UC9YOQFPfEUXbulKDtxeqqBA,370509391,1140000,668,2024-02-06 10:31:10.297073+00,2024-02-06
UCFUtqTcgJgRnmZ3tMU6P74Q,1704640449,3600000,1102,2024-02-06 10:31:10.297073+00,2024-02-06
UCFycVZXj9fRWB_OZfFKe2PA,414988782,1070000,688,2024-02-06 10:31:10.297073+00,2024-02-06
UC9i2Qgd5lizhVgJrdnxunKw,358216156,1830000,416,2024-02-06 10:31:10.297073+00,2024-02-06
UCSKNqZgZwPlKrKobdfcPGPg,15998660,179000,119,2024-02-06 10:31:10.297073+00,2024-02-06
UCeo3JwE3HezUWFdVcehQk9Q,359745882,2770000,702,2024-02-06 10:31:10.297073+00,2024-02-06
UCPwxSX0DYDMQxCvgfeVDv_g,728206608,2510000,1027,2024-02-06 10:31:10.297073+00,2024-02-06
UCtcaZ5FUqaNXGX6xhpiGPQA,538106857,1600000,749,2024-02-06 10:31:10.297073+00,2024-02-06
UCGpNjY0Xq2GJLXh4OOX1LOA,275055627,1450000,362,2024-02-06 10:31:10.297073+00,2024-02-06
UCIF_gt4BfsWyM_2GOcKXyEQ,314339742,1580000,731,2024-02-06 10:31:10.297073+00,2024-02-06
UCxUzQ3wu0oJP_8YLWt71WgQ,659966383,1500000,1075,2024-02-06 10:31:10.297073+00,2024-02-06
UCjhwHd3mgmqm0ONm0bXKmng,249737395,1380000,304,2024-02-06 10:31:10.297073+00,2024-02-06
UCiWXd0nmBjlKROwzMyPV-Nw,836150557,1380000,4165,2024-02-06 10:31:10.297073+00,2024-02-06
UCI1zO6-A3h7DHg-R_x34vLg,410648653,1360000,4910,2024-02-06 10:31:10.297073+00,2024-02-06
UC7ia-A8gma8qcdC6GDcjwsQ,311587883,1380000,572,2024-02-06 10:31:10.297073+00,2024-02-06
UCpSB70OL7IO7RnZCj_7MQDw,512271551,1360000,2494,2024-02-06 10:31:10.297073+00,2024-02-06
UC7XxnhjdYjiQJ3m80K_N_4g,178487955,1360000,141,2024-02-06 10:31:10.297073+00,2024-02-06
UCvw1LiGdyulhnGksJlGWB6g,3268150312,9560000,478,2024-02-06 10:31:10.297073+00,2024-02-06
UCGbshtvS9t-8CW11W7TooQg,2080167511,6660000,9462,2024-02-06 10:31:10.297073+00,2024-02-06
UCHm9SiOLG8UoBT8STWY5mVA,1289062234,5830000,870,2024-02-06 10:31:10.297073+00,2024-02-06
UCnWCj9UofS6OxSK34xWvKCg,3977082844,5820000,2373,2024-02-06 10:31:10.297073+00,2024-02-06
UCXpxKdZAiyUEaTkoCPpEZzg,2137249565,5180000,299,2024-02-06 10:31:10.297073+00,2024-02-06
UC6FcYHEm7SO1jpu5TKjNXEA,1152763194,3570000,338,2024-02-06 10:31:10.297073+00,2024-02-06
UCI7ktPB6toqucpkkCiolwLg,608166120,3540000,721,2024-02-06 10:31:10.297073+00,2024-02-06
UCPcF3KTqhD67ADkukx_OeDg,5761587966,3520000,5664,2024-02-06 10:31:10.297073+00,2024-02-06
UCGGrblndNzi86WY5lJkQJiA,295911168,1420000,1560,2024-02-06 10:31:10.297073+00,2024-02-06
UCFsXFlbI8FpNAVQ_RL3I4bw,1375039008,3500000,1210,2024-02-06 10:31:10.297073+00,2024-02-06
UC5l1Yto5oOIgRXlI4p4VKbw,3290156768,3280000,115736,2024-02-06 10:31:10.297073+00,2024-02-06
UCrLO-yoAu4ZTzRSdmWqS53A,1350964640,3150000,2002,2024-02-06 10:31:10.297073+00,2024-02-06
UCnJEWsS5agXCkqIpyHC9Grg,2248210624,3130000,5103,2024-02-06 10:31:10.297073+00,2024-02-06
UCKQVSNdzGBJSXaUmS4TOWww,4632236127,3120000,34705,2024-02-06 10:31:10.297073+00,2024-02-06
UCX9VHpN62jkqCCntHxymPOA,4039851037,3030000,27398,2024-02-06 10:31:10.297073+00,2024-02-06
UCpu3bemTQwAU8PqM4kJdoEQ,4088286105,2400000,271917,2024-02-06 10:31:10.297073+00,2024-02-06
UCttafJi4SCirZhlxsxISbyA,1939701861,3040000,1822,2024-02-06 10:31:10.297073+00,2024-02-06
UC8CU5nVhCQIdAGrFFp4loOQ,4171577284,2940000,27,2024-02-06 10:31:10.297073+00,2024-02-06
UC7ovu6a8ydIbDy0fAKmoZ9A,3994937237,2750000,2205,2024-02-06 10:31:10.297073+00,2024-02-06
UC5nwNW4KdC0SzrhF9BXEYOQ,5765200314,2580000,431307,2024-02-06 10:31:10.297073+00,2024-02-06
UCPRWWKG0VkBA0Pqa4Jr5j0Q,1033029929,2570000,2821,2024-02-06 10:31:10.297073+00,2024-02-06
UCAYrMNl92jw6cpjdpBP8JyA,371030186,2550000,564,2024-02-06 10:31:10.297073+00,2024-02-06
UCIU8ha-NHmLjtUwU7dFiXUA,5259164430,2520000,174133,2024-02-06 10:31:10.297073+00,2024-02-06
UCLW_SzI9txZvtOFTPDswxqg,831315472,2340000,1439,2024-02-06 10:31:10.297073+00,2024-02-06
UCR3asjvr_WAaxwJYEDV_Bfw,5353365394,2340000,410330,2024-02-06 10:31:10.297073+00,2024-02-06
UC3LBFXbWtEBdOOUb8-qJm9Q,822224520,2260000,797,2024-02-06 10:31:10.297073+00,2024-02-06
UCV_S2S-Zs8LeuJxK-T3RQQg,1026765527,2220000,1636,2024-02-06 10:31:10.297073+00,2024-02-06
UCH3aos_uf4pGHbkANSbceEg,1143095381,2140000,448,2024-02-06 10:31:10.297073+00,2024-02-06
UCgdwtyqBunlRb-i-7PnCssQ,1240019919,2050000,11924,2024-02-06 10:31:10.297073+00,2024-02-06
UC4Aclpo5YyXbKPeiZNO_uiw,1238371366,1900000,1056,2024-02-06 10:31:10.297073+00,2024-02-06
UCIECJyQ6meDyN-UnVHgXAMA,2135642040,1870000,18391,2024-02-06 10:31:10.297073+00,2024-02-06
UCdEpz2A4DzV__4C1x2quKLw,114683551,1410000,489,2024-02-06 10:31:10.297073+00,2024-02-06
UCr90FXGOO8nAE9B6FAUeTNA,198405570,1790000,764,2024-02-06 10:31:10.297073+00,2024-02-06
UCEsinqZjZ11w0T9ZvyKIr6A,2053199556,1780000,2078,2024-02-06 10:31:10.297073+00,2024-02-06
UCDrswN-SqWh7Kii62h9aXGA,622267240,1780000,717,2024-02-06 10:31:10.297073+00,2024-02-06
UC2TuODJhC03pLgd6MpWP0iw,3835001871,1750000,196039,2024-02-06 10:31:10.297073+00,2024-02-06
UCV1OpUwWJCMiv6gJCRR6yAg,342503334,1720000,337,2024-02-06 10:31:10.297073+00,2024-02-06
UCiMiEL1XRXANaypB2wEdr5w,4329097711,1650000,33799,2024-02-06 10:31:10.297073+00,2024-02-06
UCEfetJrzg6OcXWWuX8uhdhw,900829960,1650000,1323,2024-02-06 10:31:10.297073+00,2024-02-06
UCAqzHNzLTC6Vm5UYE7xw_2A,705974821,1620000,11950,2024-02-06 10:31:10.297073+00,2024-02-06
UCcb9uxCoIgw7RQjQnlgd0Xw,186686063,1460000,603,2024-02-06 10:31:10.297073+00,2024-02-06
UCwWXGnvVmi-6Sfx2wf8S8tQ,621596358,1610000,7141,2024-02-06 10:31:10.297073+00,2024-02-06
UC6VKHP606ee6ffKwKmBHSig,369622801,1590000,240,2024-02-06 10:31:10.297073+00,2024-02-06
UCJWXJTaLqI5KBnJuaXbCaTg,283858738,1580000,468,2024-02-06 10:31:10.297073+00,2024-02-06
UCiWRSesvSYmY7YOyz0tv_zQ,1721249291,1580000,14664,2024-02-06 10:31:10.297073+00,2024-02-06
UCStpPtoeQUYII1Jsbl0qf8A,835763365,1580000,868,2024-02-06 10:31:10.297073+00,2024-02-06
UCw2W7GIqJNB-UMUxncnMuiw,551341548,1570000,622,2024-02-06 10:31:10.297073+00,2024-02-06
UCQU5uVTG8h9LToACKrm1LMA,1133125598,1550000,3068,2024-02-06 10:31:10.297073+00,2024-02-06
UCmdVfsLHu18lCkKYXSOGUxg,2092329031,1540000,195130,2024-02-06 10:31:10.297073+00,2024-02-06
UCCsUQXwhDj4iVlhG4VCq6Kg,2557091781,1540000,1568,2024-02-06 10:31:10.297073+00,2024-02-06
UC8zkK0-g8S8Z_t8ZjUmpAlA,186070197,1540000,568,2024-02-06 10:31:10.297073+00,2024-02-06
UCCBq7s8VOCyek275uvq5lYQ,560763357,1540000,2002,2024-02-06 10:31:10.297073+00,2024-02-06
UCCtTgzGzQSWVzCG0xR7U-MQ,401028785,1500000,3840,2024-02-06 10:31:10.297073+00,2024-02-06
UC8wI85SlecrsLdPm-I73PzA,391378629,1470000,302,2024-02-06 10:31:10.297073+00,2024-02-06
UCbIJeyl_va8MG2xx0q4Uobg,370856598,1460000,359,2024-02-06 10:31:10.297073+00,2024-02-06
UCLZBXiS9ZrIXgKBs_SMfGBQ,1860985161,1440000,35692,2024-02-06 10:31:10.297073+00,2024-02-06
UCFsNxYnUEs4tcqyddJhW43g,958453938,1410000,1294,2024-02-06 10:31:10.297073+00,2024-02-06
UCgDbdS9sm90CG771uznT8wg,877088265,1420000,16159,2024-02-06 10:31:10.297073+00,2024-02-06
UCdxoeijd8BEuQlARHDcz4EA,828388426,1410000,349,2024-02-06 10:31:10.297073+00,2024-02-06
UCsyxqzJGL20zRlnmD2bkPqg,1465250499,1400000,328,2024-02-06 10:31:10.297073+00,2024-02-06
UC9YOQFPfEUXbulKDtxeqqBA,370601119,1140000,668,2024-02-07 11:40:20.474614+00,2024-02-07
UCFUtqTcgJgRnmZ3tMU6P74Q,1704640449,3600000,1103,2024-02-07 11:40:20.474614+00,2024-02-07
UCFycVZXj9fRWB_OZfFKe2PA,415175755,1070000,689,2024-02-07 11:40:20.474614+00,2024-02-07
UC9i2Qgd5lizhVgJrdnxunKw,358324446,1830000,416,2024-02-07 11:40:20.474614+00,2024-02-07
UCSKNqZgZwPlKrKobdfcPGPg,16066667,179000,119,2024-02-07 11:40:20.474614+00,2024-02-07
UCeo3JwE3HezUWFdVcehQk9Q,359853624,2770000,702,2024-02-07 11:40:20.474614+00,2024-02-07
UCPwxSX0DYDMQxCvgfeVDv_g,728259199,2510000,1027,2024-02-07 11:40:20.474614+00,2024-02-07
UCvw1LiGdyulhnGksJlGWB6g,3271921204,9570000,478,2024-02-07 11:40:20.474614+00,2024-02-07
UCtcaZ5FUqaNXGX6xhpiGPQA,538312022,1600000,749,2024-02-07 11:40:20.474614+00,2024-02-07
UCGpNjY0Xq2GJLXh4OOX1LOA,275092076,1450000,362,2024-02-07 11:40:20.474614+00,2024-02-07
UCIF_gt4BfsWyM_2GOcKXyEQ,314400882,1580000,732,2024-02-07 11:40:20.474614+00,2024-02-07
UCxUzQ3wu0oJP_8YLWt71WgQ,660013323,1500000,1075,2024-02-07 11:40:20.474614+00,2024-02-07
UCjhwHd3mgmqm0ONm0bXKmng,249742667,1380000,305,2024-02-07 11:40:20.474614+00,2024-02-07
UCiWXd0nmBjlKROwzMyPV-Nw,837116564,1380000,4170,2024-02-07 11:40:20.474614+00,2024-02-07
UCI1zO6-A3h7DHg-R_x34vLg,410856114,1360000,4915,2024-02-07 11:40:20.474614+00,2024-02-07
UC7ia-A8gma8qcdC6GDcjwsQ,313474286,1380000,575,2024-02-07 11:40:20.474614+00,2024-02-07
UCpSB70OL7IO7RnZCj_7MQDw,512290042,1360000,2494,2024-02-07 11:40:20.474614+00,2024-02-07
UC7XxnhjdYjiQJ3m80K_N_4g,178805133,1370000,141,2024-02-07 11:40:20.474614+00,2024-02-07
UCGbshtvS9t-8CW11W7TooQg,2081139373,6660000,9468,2024-02-07 11:40:20.474614+00,2024-02-07
UCHm9SiOLG8UoBT8STWY5mVA,1289246893,5830000,870,2024-02-07 11:40:20.474614+00,2024-02-07
UCnWCj9UofS6OxSK34xWvKCg,3985510222,5850000,2373,2024-02-07 11:40:20.474614+00,2024-02-07
UCXpxKdZAiyUEaTkoCPpEZzg,2138278975,5180000,299,2024-02-07 11:40:20.474614+00,2024-02-07
UC6FcYHEm7SO1jpu5TKjNXEA,1152962825,3570000,338,2024-02-07 11:40:20.474614+00,2024-02-07
UCI7ktPB6toqucpkkCiolwLg,608331668,3540000,721,2024-02-07 11:40:20.474614+00,2024-02-07
UCPcF3KTqhD67ADkukx_OeDg,5763235347,3520000,5664,2024-02-07 11:40:20.474614+00,2024-02-07
UCGGrblndNzi86WY5lJkQJiA,295976440,1420000,1560,2024-02-07 11:40:20.474614+00,2024-02-07
UCFsXFlbI8FpNAVQ_RL3I4bw,1375297510,3500000,1210,2024-02-07 11:40:20.474614+00,2024-02-07
UC5l1Yto5oOIgRXlI4p4VKbw,3291786836,3280000,115846,2024-02-07 11:40:20.474614+00,2024-02-07
UCrLO-yoAu4ZTzRSdmWqS53A,1351264815,3150000,2003,2024-02-07 11:40:20.474614+00,2024-02-07
UCnJEWsS5agXCkqIpyHC9Grg,2248670584,3130000,5104,2024-02-07 11:40:20.474614+00,2024-02-07
UCKQVSNdzGBJSXaUmS4TOWww,4634248410,3120000,34726,2024-02-07 11:40:20.474614+00,2024-02-07
UCX9VHpN62jkqCCntHxymPOA,4040721663,3030000,27409,2024-02-07 11:40:20.474614+00,2024-02-07
UCpu3bemTQwAU8PqM4kJdoEQ,4091214928,2400000,272051,2024-02-07 11:40:20.474614+00,2024-02-07
UCttafJi4SCirZhlxsxISbyA,1940198877,3040000,1822,2024-02-07 11:40:20.474614+00,2024-02-07
UC8CU5nVhCQIdAGrFFp4loOQ,4171577284,2940000,27,2024-02-07 11:40:20.474614+00,2024-02-07
UC7ovu6a8ydIbDy0fAKmoZ9A,3995873478,2750000,2206,2024-02-07 11:40:20.474614+00,2024-02-07
UC5nwNW4KdC0SzrhF9BXEYOQ,5767795379,2580000,431499,2024-02-07 11:40:20.474614+00,2024-02-07
UCPRWWKG0VkBA0Pqa4Jr5j0Q,1033268490,2570000,2823,2024-02-07 11:40:20.474614+00,2024-02-07
UCAYrMNl92jw6cpjdpBP8JyA,371030186,2550000,564,2024-02-07 11:40:20.474614+00,2024-02-07
UCIU8ha-NHmLjtUwU7dFiXUA,5260637014,2520000,174218,2024-02-07 11:40:20.474614+00,2024-02-07
UCLW_SzI9txZvtOFTPDswxqg,831487289,2340000,1441,2024-02-07 11:40:20.474614+00,2024-02-07
UCR3asjvr_WAaxwJYEDV_Bfw,5357316449,2340000,410471,2024-02-07 11:40:20.474614+00,2024-02-07
UC3LBFXbWtEBdOOUb8-qJm9Q,822485244,2260000,797,2024-02-07 11:40:20.474614+00,2024-02-07
UCV_S2S-Zs8LeuJxK-T3RQQg,1027570319,2220000,1638,2024-02-07 11:40:20.474614+00,2024-02-07
UCH3aos_uf4pGHbkANSbceEg,1143390171,2140000,449,2024-02-07 11:40:20.474614+00,2024-02-07
UCgdwtyqBunlRb-i-7PnCssQ,1240889787,2050000,11930,2024-02-07 11:40:20.474614+00,2024-02-07
UC4Aclpo5YyXbKPeiZNO_uiw,1238556024,1900000,1056,2024-02-07 11:40:20.474614+00,2024-02-07
UCIECJyQ6meDyN-UnVHgXAMA,2136083953,1870000,18408,2024-02-07 11:40:20.474614+00,2024-02-07
UCdEpz2A4DzV__4C1x2quKLw,114719910,1410000,490,2024-02-07 11:40:20.474614+00,2024-02-07
UCr90FXGOO8nAE9B6FAUeTNA,198459656,1790000,765,2024-02-07 11:40:20.474614+00,2024-02-07
UCEsinqZjZ11w0T9ZvyKIr6A,2053553895,1780000,2078,2024-02-07 11:40:20.474614+00,2024-02-07
UCDrswN-SqWh7Kii62h9aXGA,622939294,1780000,719,2024-02-07 11:40:20.474614+00,2024-02-07
UC2TuODJhC03pLgd6MpWP0iw,3837450941,1750000,196148,2024-02-07 11:40:20.474614+00,2024-02-07
UCV1OpUwWJCMiv6gJCRR6yAg,342849868,1720000,338,2024-02-07 11:40:20.474614+00,2024-02-07
UCiMiEL1XRXANaypB2wEdr5w,4330765007,1650000,33816,2024-02-07 11:40:20.474614+00,2024-02-07
UCEfetJrzg6OcXWWuX8uhdhw,901060989,1650000,1324,2024-02-07 11:40:20.474614+00,2024-02-07
UCAqzHNzLTC6Vm5UYE7xw_2A,706295733,1620000,11959,2024-02-07 11:40:20.474614+00,2024-02-07
UCcb9uxCoIgw7RQjQnlgd0Xw,186761378,1460000,604,2024-02-07 11:40:20.474614+00,2024-02-07
UCwWXGnvVmi-6Sfx2wf8S8tQ,622253332,1610000,7156,2024-02-07 11:40:20.474614+00,2024-02-07
UC6VKHP606ee6ffKwKmBHSig,369696530,1590000,240,2024-02-07 11:40:20.474614+00,2024-02-07
UCJWXJTaLqI5KBnJuaXbCaTg,283902360,1580000,468,2024-02-07 11:40:20.474614+00,2024-02-07
UCiWRSesvSYmY7YOyz0tv_zQ,1721565942,1580000,14676,2024-02-07 11:40:20.474614+00,2024-02-07
UCStpPtoeQUYII1Jsbl0qf8A,835872919,1580000,868,2024-02-07 11:40:20.474614+00,2024-02-07
UCw2W7GIqJNB-UMUxncnMuiw,551398380,1570000,623,2024-02-07 11:40:20.474614+00,2024-02-07
UCQU5uVTG8h9LToACKrm1LMA,1133329562,1550000,3070,2024-02-07 11:40:20.474614+00,2024-02-07
UCmdVfsLHu18lCkKYXSOGUxg,2093813061,1540000,195163,2024-02-07 11:40:20.474614+00,2024-02-07
UCCsUQXwhDj4iVlhG4VCq6Kg,2557468035,1540000,1568,2024-02-07 11:40:20.474614+00,2024-02-07
UC8zkK0-g8S8Z_t8ZjUmpAlA,186184778,1540000,569,2024-02-07 11:40:20.474614+00,2024-02-07
UCCBq7s8VOCyek275uvq5lYQ,560842975,1540000,2003,2024-02-07 11:40:20.474614+00,2024-02-07
UCCtTgzGzQSWVzCG0xR7U-MQ,401072774,1500000,3840,2024-02-07 11:40:20.474614+00,2024-02-07
UC8wI85SlecrsLdPm-I73PzA,392000115,1470000,303,2024-02-07 11:40:20.474614+00,2024-02-07
UCbIJeyl_va8MG2xx0q4Uobg,371159951,1460000,359,2024-02-07 11:40:20.474614+00,2024-02-07
UCLZBXiS9ZrIXgKBs_SMfGBQ,1861689222,1440000,35721,2024-02-07 11:40:20.474614+00,2024-02-07
UCFsNxYnUEs4tcqyddJhW43g,958787129,1410000,1295,2024-02-07 11:40:20.474614+00,2024-02-07
UCgDbdS9sm90CG771uznT8wg,878319942,1420000,16176,2024-02-07 11:40:20.474614+00,2024-02-07
UCdxoeijd8BEuQlARHDcz4EA,828991270,1410000,350,2024-02-07 11:40:20.474614+00,2024-02-07
UCsyxqzJGL20zRlnmD2bkPqg,1467969357,1400000,328,2024-02-07 11:40:20.474614+00,2024-02-07
UC2TuODJhC03pLgd6MpWP0iw,3842147921,1760000,196271,2024-02-09 06:23:27.574066+00,2024-02-09
UC3LBFXbWtEBdOOUb8-qJm9Q,822951678,2260000,797,2024-02-09 06:23:27.574066+00,2024-02-09
UC4Aclpo5YyXbKPeiZNO_uiw,1238904656,1900000,1056,2024-02-09 06:23:27.574066+00,2024-02-09
UC5l1Yto5oOIgRXlI4p4VKbw,3295393628,3280000,115961,2024-02-09 06:23:27.574066+00,2024-02-09
UC5nwNW4KdC0SzrhF9BXEYOQ,5772483112,2580000,431769,2024-02-09 06:23:27.574066+00,2024-02-09
UC6FcYHEm7SO1jpu5TKjNXEA,1153349159,3570000,338,2024-02-09 06:23:27.574066+00,2024-02-09
UC6VKHP606ee6ffKwKmBHSig,369844790,1590000,240,2024-02-09 06:23:27.574066+00,2024-02-09
UC7ia-A8gma8qcdC6GDcjwsQ,316325363,1390000,577,2024-02-09 06:23:27.574066+00,2024-02-09
UC7ovu6a8ydIbDy0fAKmoZ9A,3997545248,2750000,2206,2024-02-09 06:23:27.574066+00,2024-02-09
UC7XxnhjdYjiQJ3m80K_N_4g,179101327,1370000,141,2024-02-09 06:23:27.574066+00,2024-02-09
UC8CU5nVhCQIdAGrFFp4loOQ,4171577284,2940000,27,2024-02-09 06:23:27.574066+00,2024-02-09
UC8wI85SlecrsLdPm-I73PzA,393173312,1470000,304,2024-02-09 06:23:27.574066+00,2024-02-09
UC8zkK0-g8S8Z_t8ZjUmpAlA,186361368,1540000,569,2024-02-09 06:23:27.574066+00,2024-02-09
UC9i2Qgd5lizhVgJrdnxunKw,358675779,1830000,416,2024-02-09 06:23:27.574066+00,2024-02-09
UC9YOQFPfEUXbulKDtxeqqBA,370792368,1140000,668,2024-02-09 06:23:27.574066+00,2024-02-09
UCAqzHNzLTC6Vm5UYE7xw_2A,706858564,1620000,11971,2024-02-09 06:23:27.574066+00,2024-02-09
UCAYrMNl92jw6cpjdpBP8JyA,371030186,2550000,564,2024-02-09 06:23:27.574066+00,2024-02-09
UCbIJeyl_va8MG2xx0q4Uobg,371727329,1470000,359,2024-02-09 06:23:27.574066+00,2024-02-09
UCcb9uxCoIgw7RQjQnlgd0Xw,186903485,1460000,604,2024-02-09 06:23:27.574066+00,2024-02-09
UCCBq7s8VOCyek275uvq5lYQ,561068756,1540000,2003,2024-02-09 06:23:27.574066+00,2024-02-09
UCCsUQXwhDj4iVlhG4VCq6Kg,2558198497,1540000,1568,2024-02-09 06:23:27.574066+00,2024-02-09
UCCtTgzGzQSWVzCG0xR7U-MQ,401184133,1500000,3840,2024-02-09 06:23:27.574066+00,2024-02-09
UCdEpz2A4DzV__4C1x2quKLw,114780282,1410000,490,2024-02-09 06:23:27.574066+00,2024-02-09
UCDrswN-SqWh7Kii62h9aXGA,623721848,1780000,722,2024-02-09 06:23:27.574066+00,2024-02-09
UCdxoeijd8BEuQlARHDcz4EA,829990400,1410000,350,2024-02-09 06:23:27.574066+00,2024-02-09
UCEfetJrzg6OcXWWuX8uhdhw,901438477,1650000,1324,2024-02-09 06:23:27.574066+00,2024-02-09
UCeo3JwE3HezUWFdVcehQk9Q,359977621,2770000,702,2024-02-09 06:23:27.574066+00,2024-02-09
UCEsinqZjZ11w0T9ZvyKIr6A,2054105655,1780000,2078,2024-02-09 06:23:27.574066+00,2024-02-09
UCFsNxYnUEs4tcqyddJhW43g,959592159,1410000,1296,2024-02-09 06:23:27.574066+00,2024-02-09
UCFsXFlbI8FpNAVQ_RL3I4bw,1375818966,3510000,1212,2024-02-09 06:23:27.574066+00,2024-02-09
UCFUtqTcgJgRnmZ3tMU6P74Q,1704640449,3600000,1104,2024-02-09 06:23:27.574066+00,2024-02-09
UCFycVZXj9fRWB_OZfFKe2PA,415431020,1070000,689,2024-02-09 06:23:27.574066+00,2024-02-09
UCGbshtvS9t-8CW11W7TooQg,2083916159,6670000,9478,2024-02-09 06:23:27.574066+00,2024-02-09
UCgDbdS9sm90CG771uznT8wg,880480968,1420000,16203,2024-02-09 06:23:27.574066+00,2024-02-09
UCgdwtyqBunlRb-i-7PnCssQ,1242794576,2050000,11942,2024-02-09 06:23:27.574066+00,2024-02-09
UCGGrblndNzi86WY5lJkQJiA,296237977,1420000,1561,2024-02-09 06:23:27.574066+00,2024-02-09
UCGpNjY0Xq2GJLXh4OOX1LOA,275159352,1450000,362,2024-02-09 06:23:27.574066+00,2024-02-09
UCH3aos_uf4pGHbkANSbceEg,1143881835,2140000,448,2024-02-09 06:23:27.574066+00,2024-02-09
UCHm9SiOLG8UoBT8STWY5mVA,1289647574,5830000,870,2024-02-09 06:23:27.574066+00,2024-02-09
UCI1zO6-A3h7DHg-R_x34vLg,411358877,1360000,4921,2024-02-09 06:23:27.574066+00,2024-02-09
UCI7ktPB6toqucpkkCiolwLg,608791169,3540000,721,2024-02-09 06:23:27.574066+00,2024-02-09
UCIECJyQ6meDyN-UnVHgXAMA,2137195614,1870000,18432,2024-02-09 06:23:27.574066+00,2024-02-09
UCIF_gt4BfsWyM_2GOcKXyEQ,314626074,1580000,733,2024-02-09 06:23:27.574066+00,2024-02-09
UCiMiEL1XRXANaypB2wEdr5w,4333778643,1650000,33837,2024-02-09 06:23:27.574066+00,2024-02-09
UCIU8ha-NHmLjtUwU7dFiXUA,5263374167,2520000,174340,2024-02-09 06:23:27.574066+00,2024-02-09
UCiWRSesvSYmY7YOyz0tv_zQ,1722316764,1580000,14686,2024-02-09 06:23:27.574066+00,2024-02-09
UCiWXd0nmBjlKROwzMyPV-Nw,838773796,1380000,4174,2024-02-09 06:23:27.574066+00,2024-02-09
UCjhwHd3mgmqm0ONm0bXKmng,249786201,1380000,305,2024-02-09 06:23:27.574066+00,2024-02-09
UCJWXJTaLqI5KBnJuaXbCaTg,284057770,1580000,469,2024-02-09 06:23:27.574066+00,2024-02-09
UCKQVSNdzGBJSXaUmS4TOWww,4637690130,3120000,34762,2024-02-09 06:23:27.574066+00,2024-02-09
UCLW_SzI9txZvtOFTPDswxqg,831911041,2340000,1443,2024-02-09 06:23:27.574066+00,2024-02-09
UCLZBXiS9ZrIXgKBs_SMfGBQ,1862961370,1440000,35742,2024-02-09 06:23:27.574066+00,2024-02-09
UCmdVfsLHu18lCkKYXSOGUxg,2096103204,1550000,195206,2024-02-09 06:23:27.574066+00,2024-02-09
UCnJEWsS5agXCkqIpyHC9Grg,2249515434,3130000,5104,2024-02-09 06:23:27.574066+00,2024-02-09
UCnWCj9UofS6OxSK34xWvKCg,4001072175,5890000,2373,2024-02-09 06:23:27.574066+00,2024-02-09
UCPcF3KTqhD67ADkukx_OeDg,5766502797,3520000,5665,2024-02-09 06:23:27.574066+00,2024-02-09
UCPRWWKG0VkBA0Pqa4Jr5j0Q,1033603008,2570000,2823,2024-02-09 06:23:27.574066+00,2024-02-09
UCpSB70OL7IO7RnZCj_7MQDw,512329794,1360000,2494,2024-02-09 06:23:27.574066+00,2024-02-09
UCpu3bemTQwAU8PqM4kJdoEQ,4095746185,2400000,272238,2024-02-09 06:23:27.574066+00,2024-02-09
UCPwxSX0DYDMQxCvgfeVDv_g,728408706,2510000,1028,2024-02-09 06:23:27.574066+00,2024-02-09
UCQU5uVTG8h9LToACKrm1LMA,1133609345,1550000,3079,2024-02-09 06:23:27.574066+00,2024-02-09
UCR3asjvr_WAaxwJYEDV_Bfw,5364914671,2340000,410732,2024-02-09 06:23:27.574066+00,2024-02-09
UCr90FXGOO8nAE9B6FAUeTNA,198558323,1790000,766,2024-02-09 06:23:27.574066+00,2024-02-09
UCrLO-yoAu4ZTzRSdmWqS53A,1351871280,3150000,2002,2024-02-09 06:23:27.574066+00,2024-02-09
UCSKNqZgZwPlKrKobdfcPGPg,16135585,179000,119,2024-02-09 06:23:27.574066+00,2024-02-09
UCStpPtoeQUYII1Jsbl0qf8A,836070734,1580000,868,2024-02-09 06:23:27.574066+00,2024-02-09
UCsyxqzJGL20zRlnmD2bkPqg,1473822389,1410000,328,2024-02-09 06:23:27.574066+00,2024-02-09
UCtcaZ5FUqaNXGX6xhpiGPQA,538564643,1600000,749,2024-02-09 06:23:27.574066+00,2024-02-09
UCttafJi4SCirZhlxsxISbyA,1941225196,3040000,1822,2024-02-09 06:23:27.574066+00,2024-02-09
UCV1OpUwWJCMiv6gJCRR6yAg,343394996,1730000,338,2024-02-09 06:23:27.574066+00,2024-02-09
UCV_S2S-Zs8LeuJxK-T3RQQg,1029383256,2220000,1641,2024-02-09 06:23:27.574066+00,2024-02-09
UCvw1LiGdyulhnGksJlGWB6g,3280944286,9590000,478,2024-02-09 06:23:27.574066+00,2024-02-09
UCw2W7GIqJNB-UMUxncnMuiw,551515581,1570000,622,2024-02-09 06:23:27.574066+00,2024-02-09
UCwWXGnvVmi-6Sfx2wf8S8tQ,623736576,1610000,7170,2024-02-09 06:23:27.574066+00,2024-02-09
UCX9VHpN62jkqCCntHxymPOA,4042448537,3030000,27426,2024-02-09 06:23:27.574066+00,2024-02-09
UCXpxKdZAiyUEaTkoCPpEZzg,2140471450,5180000,299,2024-02-09 06:23:27.574066+00,2024-02-09
UCxUzQ3wu0oJP_8YLWt71WgQ,660149990,1500000,1076,2024-02-09 06:23:27.574066+00,2024-02-09
UC9i2Qgd5lizhVgJrdnxunKw,358778674,1830000,416,2024-02-10 10:48:52.521436+00,2024-02-10
UCLW_SzI9txZvtOFTPDswxqg,832163713,2340000,1446,2024-02-10 10:48:52.521436+00,2024-02-10
UCI1zO6-A3h7DHg-R_x34vLg,411537710,1360000,4933,2024-02-10 10:48:52.521436+00,2024-02-10
UCrLO-yoAu4ZTzRSdmWqS53A,1352193770,3150000,2003,2024-02-10 10:48:52.521436+00,2024-02-10
UCR3asjvr_WAaxwJYEDV_Bfw,5368302605,2340000,410881,2024-02-10 10:48:52.521436+00,2024-02-10
UCwWXGnvVmi-6Sfx2wf8S8tQ,624213752,1610000,7178,2024-02-10 10:48:52.521436+00,2024-02-10
UC7XxnhjdYjiQJ3m80K_N_4g,179195840,1370000,141,2024-02-10 10:48:52.521436+00,2024-02-10
UCjhwHd3mgmqm0ONm0bXKmng,249800827,1380000,305,2024-02-10 10:48:52.521436+00,2024-02-10
UCdxoeijd8BEuQlARHDcz4EA,830514158,1410000,350,2024-02-10 10:48:52.521436+00,2024-02-10
UC9YOQFPfEUXbulKDtxeqqBA,370868120,1140000,668,2024-02-10 10:48:52.521436+00,2024-02-10
UCFUtqTcgJgRnmZ3tMU6P74Q,1704640449,3600000,1103,2024-02-10 10:48:52.521436+00,2024-02-10
UCFycVZXj9fRWB_OZfFKe2PA,415518937,1070000,689,2024-02-10 10:48:52.521436+00,2024-02-10
UCSKNqZgZwPlKrKobdfcPGPg,16155317,179000,119,2024-02-10 10:48:52.521436+00,2024-02-10
UCeo3JwE3HezUWFdVcehQk9Q,360020117,2770000,702,2024-02-10 10:48:52.521436+00,2024-02-10
UCvw1LiGdyulhnGksJlGWB6g,3286518728,9600000,479,2024-02-10 10:48:52.521436+00,2024-02-10
UCPwxSX0DYDMQxCvgfeVDv_g,728457192,2510000,1028,2024-02-10 10:48:52.521436+00,2024-02-10
UCtcaZ5FUqaNXGX6xhpiGPQA,538668341,1600000,749,2024-02-10 10:48:52.521436+00,2024-02-10
UCGpNjY0Xq2GJLXh4OOX1LOA,275183024,1450000,362,2024-02-10 10:48:52.521436+00,2024-02-10
UCIF_gt4BfsWyM_2GOcKXyEQ,314708282,1580000,735,2024-02-10 10:48:52.521436+00,2024-02-10
UCHm9SiOLG8UoBT8STWY5mVA,1289819254,5830000,871,2024-02-10 10:48:52.521436+00,2024-02-10
UCxUzQ3wu0oJP_8YLWt71WgQ,660300111,1500000,1078,2024-02-10 10:48:52.521436+00,2024-02-10
UC6FcYHEm7SO1jpu5TKjNXEA,1153505320,3570000,338,2024-02-10 10:48:52.521436+00,2024-02-10
UCFsXFlbI8FpNAVQ_RL3I4bw,1376139128,3510000,1213,2024-02-10 10:48:52.521436+00,2024-02-10
UCiWXd0nmBjlKROwzMyPV-Nw,839399273,1380000,4177,2024-02-10 10:48:52.521436+00,2024-02-10
UC7ia-A8gma8qcdC6GDcjwsQ,317593983,1400000,578,2024-02-10 10:48:52.521436+00,2024-02-10
UCpSB70OL7IO7RnZCj_7MQDw,512346716,1360000,2494,2024-02-10 10:48:52.521436+00,2024-02-10
UCttafJi4SCirZhlxsxISbyA,1941811155,3040000,1823,2024-02-10 10:48:52.521436+00,2024-02-10
UCAYrMNl92jw6cpjdpBP8JyA,371030186,2550000,565,2024-02-10 10:48:52.521436+00,2024-02-10
UCGbshtvS9t-8CW11W7TooQg,2085670111,6670000,9490,2024-02-10 10:48:52.521436+00,2024-02-10
UCr90FXGOO8nAE9B6FAUeTNA,198590183,1790000,766,2024-02-10 10:48:52.521436+00,2024-02-10
UCmdVfsLHu18lCkKYXSOGUxg,2096850214,1550000,195238,2024-02-10 10:48:52.521436+00,2024-02-10
UCnWCj9UofS6OxSK34xWvKCg,4010892096,5930000,2373,2024-02-10 10:48:52.521436+00,2024-02-10
UCXpxKdZAiyUEaTkoCPpEZzg,2141856707,5190000,300,2024-02-10 10:48:52.521436+00,2024-02-10
UCI7ktPB6toqucpkkCiolwLg,609050946,3540000,722,2024-02-10 10:48:52.521436+00,2024-02-10
UCPcF3KTqhD67ADkukx_OeDg,5768051883,3520000,5665,2024-02-10 10:48:52.521436+00,2024-02-10
UCGGrblndNzi86WY5lJkQJiA,296366084,1420000,1561,2024-02-10 10:48:52.521436+00,2024-02-10
UC5l1Yto5oOIgRXlI4p4VKbw,3296861032,3280000,116043,2024-02-10 10:48:52.521436+00,2024-02-10
UCnJEWsS5agXCkqIpyHC9Grg,2249821270,3130000,5104,2024-02-10 10:48:52.521436+00,2024-02-10
UCKQVSNdzGBJSXaUmS4TOWww,4638931316,3120000,34782,2024-02-10 10:48:52.521436+00,2024-02-10
UCX9VHpN62jkqCCntHxymPOA,4043470824,3040000,27435,2024-02-10 10:48:52.521436+00,2024-02-10
UCpu3bemTQwAU8PqM4kJdoEQ,4098121603,2410000,272429,2024-02-10 10:48:52.521436+00,2024-02-10
UC8CU5nVhCQIdAGrFFp4loOQ,4171577284,2940000,27,2024-02-10 10:48:52.521436+00,2024-02-10
UC7ovu6a8ydIbDy0fAKmoZ9A,3998264873,2750000,2206,2024-02-10 10:48:52.521436+00,2024-02-10
UC5nwNW4KdC0SzrhF9BXEYOQ,5774555928,2580000,431967,2024-02-10 10:48:52.521436+00,2024-02-10
UCPRWWKG0VkBA0Pqa4Jr5j0Q,1033723983,2570000,2823,2024-02-10 10:48:52.521436+00,2024-02-10
UCJWXJTaLqI5KBnJuaXbCaTg,284142264,1580000,469,2024-02-10 10:48:52.521436+00,2024-02-10
UCIU8ha-NHmLjtUwU7dFiXUA,5264570745,2520000,174420,2024-02-10 10:48:52.521436+00,2024-02-10
UC3LBFXbWtEBdOOUb8-qJm9Q,823192244,2260000,799,2024-02-10 10:48:52.521436+00,2024-02-10
UC8zkK0-g8S8Z_t8ZjUmpAlA,186429226,1540000,569,2024-02-10 10:48:52.521436+00,2024-02-10
UCV_S2S-Zs8LeuJxK-T3RQQg,1030026308,2220000,1642,2024-02-10 10:48:52.521436+00,2024-02-10
UCH3aos_uf4pGHbkANSbceEg,1144161100,2140000,449,2024-02-10 10:48:52.521436+00,2024-02-10
UCgdwtyqBunlRb-i-7PnCssQ,1243947794,2050000,11955,2024-02-10 10:48:52.521436+00,2024-02-10
UC4Aclpo5YyXbKPeiZNO_uiw,1239039690,1900000,1056,2024-02-10 10:48:52.521436+00,2024-02-10
UCIECJyQ6meDyN-UnVHgXAMA,2137696940,1880000,18447,2024-02-10 10:48:52.521436+00,2024-02-10
UCdEpz2A4DzV__4C1x2quKLw,114801545,1410000,490,2024-02-10 10:48:52.521436+00,2024-02-10
UCiWRSesvSYmY7YOyz0tv_zQ,1722717325,1580000,14692,2024-02-10 10:48:52.521436+00,2024-02-10
UCStpPtoeQUYII1Jsbl0qf8A,836154200,1580000,868,2024-02-10 10:48:52.521436+00,2024-02-10
UCEsinqZjZ11w0T9ZvyKIr6A,2054342431,1780000,2078,2024-02-10 10:48:52.521436+00,2024-02-10
UCDrswN-SqWh7Kii62h9aXGA,623977310,1780000,723,2024-02-10 10:48:52.521436+00,2024-02-10
UC2TuODJhC03pLgd6MpWP0iw,3844024279,1760000,196346,2024-02-10 10:48:52.521436+00,2024-02-10
UCV1OpUwWJCMiv6gJCRR6yAg,343600942,1730000,339,2024-02-10 10:48:52.521436+00,2024-02-10
UCiMiEL1XRXANaypB2wEdr5w,4335069348,1650000,33838,2024-02-10 10:48:52.521436+00,2024-02-10
UCEfetJrzg6OcXWWuX8uhdhw,901656380,1650000,1325,2024-02-10 10:48:52.521436+00,2024-02-10
UCAqzHNzLTC6Vm5UYE7xw_2A,707086884,1620000,11977,2024-02-10 10:48:52.521436+00,2024-02-10
UCcb9uxCoIgw7RQjQnlgd0Xw,186949945,1460000,604,2024-02-10 10:48:52.521436+00,2024-02-10
UC6VKHP606ee6ffKwKmBHSig,369904342,1590000,240,2024-02-10 10:48:52.521436+00,2024-02-10
UCw2W7GIqJNB-UMUxncnMuiw,551629324,1570000,623,2024-02-10 10:48:52.521436+00,2024-02-10
UCQU5uVTG8h9LToACKrm1LMA,1133731606,1550000,3080,2024-02-10 10:48:52.521436+00,2024-02-10
UCCsUQXwhDj4iVlhG4VCq6Kg,2558466820,1540000,1568,2024-02-10 10:48:52.521436+00,2024-02-10
UCCBq7s8VOCyek275uvq5lYQ,561170431,1540000,2003,2024-02-10 10:48:52.521436+00,2024-02-10
UCCtTgzGzQSWVzCG0xR7U-MQ,401249844,1500000,3840,2024-02-10 10:48:52.521436+00,2024-02-10
UC8wI85SlecrsLdPm-I73PzA,393682478,1470000,305,2024-02-10 10:48:52.521436+00,2024-02-10
UCbIJeyl_va8MG2xx0q4Uobg,371931124,1470000,359,2024-02-10 10:48:52.521436+00,2024-02-10
UCLZBXiS9ZrIXgKBs_SMfGBQ,1863279979,1440000,35745,2024-02-10 10:48:52.521436+00,2024-02-10
UCFsNxYnUEs4tcqyddJhW43g,959942575,1420000,1298,2024-02-10 10:48:52.521436+00,2024-02-10
UCgDbdS9sm90CG771uznT8wg,881640112,1430000,16222,2024-02-10 10:48:52.521436+00,2024-02-10
UCsyxqzJGL20zRlnmD2bkPqg,1477053659,1410000,329,2024-02-10 10:48:52.521436+00,2024-02-10
UC2TuODJhC03pLgd6MpWP0iw,3845704044,1760000,196420,2024-02-11 18:14:15.298525+00,2024-02-11
UC3LBFXbWtEBdOOUb8-qJm9Q,823402927,2260000,799,2024-02-11 18:14:15.298525+00,2024-02-11
UC4Aclpo5YyXbKPeiZNO_uiw,1239167693,1900000,1056,2024-02-11 18:14:15.298525+00,2024-02-11
UC5l1Yto5oOIgRXlI4p4VKbw,3298262740,3280000,116099,2024-02-11 18:14:15.298525+00,2024-02-11
UC5nwNW4KdC0SzrhF9BXEYOQ,5776502296,2580000,432149,2024-02-11 18:14:15.298525+00,2024-02-11
UC6FcYHEm7SO1jpu5TKjNXEA,1153638968,3570000,338,2024-02-11 18:14:15.298525+00,2024-02-11
UC6VKHP606ee6ffKwKmBHSig,369954282,1590000,240,2024-02-11 18:14:15.298525+00,2024-02-11
UC7ia-A8gma8qcdC6GDcjwsQ,319089653,1410000,580,2024-02-11 18:14:15.298525+00,2024-02-11
UC7ovu6a8ydIbDy0fAKmoZ9A,3998889986,2750000,2206,2024-02-11 18:14:15.298525+00,2024-02-11
UC7XxnhjdYjiQJ3m80K_N_4g,179273113,1370000,141,2024-02-11 18:14:15.298525+00,2024-02-11
UC8CU5nVhCQIdAGrFFp4loOQ,4171577284,2940000,27,2024-02-11 18:14:15.298525+00,2024-02-11
UC8wI85SlecrsLdPm-I73PzA,394044076,1470000,305,2024-02-11 18:14:15.298525+00,2024-02-11
UC8zkK0-g8S8Z_t8ZjUmpAlA,186492011,1540000,569,2024-02-11 18:14:15.298525+00,2024-02-11
UC9i2Qgd5lizhVgJrdnxunKw,358847324,1830000,416,2024-02-11 18:14:15.298525+00,2024-02-11
UC9YOQFPfEUXbulKDtxeqqBA,370937127,1140000,668,2024-02-11 18:14:15.298525+00,2024-02-11
UCAqzHNzLTC6Vm5UYE7xw_2A,707320449,1620000,11980,2024-02-11 18:14:15.298525+00,2024-02-11
UCAYrMNl92jw6cpjdpBP8JyA,371030186,2550000,565,2024-02-11 18:14:15.298525+00,2024-02-11
UCbIJeyl_va8MG2xx0q4Uobg,372116180,1470000,360,2024-02-11 18:14:15.298525+00,2024-02-11
UCcb9uxCoIgw7RQjQnlgd0Xw,186987693,1460000,604,2024-02-11 18:14:15.298525+00,2024-02-11
UCCBq7s8VOCyek275uvq5lYQ,561244749,1540000,2003,2024-02-11 18:14:15.298525+00,2024-02-11
UCCsUQXwhDj4iVlhG4VCq6Kg,2558702331,1540000,1568,2024-02-11 18:14:15.298525+00,2024-02-11
UCCtTgzGzQSWVzCG0xR7U-MQ,401312247,1500000,3840,2024-02-11 18:14:15.298525+00,2024-02-11
UCdEpz2A4DzV__4C1x2quKLw,114821533,1410000,490,2024-02-11 18:14:15.298525+00,2024-02-11
UCDrswN-SqWh7Kii62h9aXGA,624181818,1780000,724,2024-02-11 18:14:15.298525+00,2024-02-11
UCdxoeijd8BEuQlARHDcz4EA,831070848,1410000,351,2024-02-11 18:14:15.298525+00,2024-02-11
UCEfetJrzg6OcXWWuX8uhdhw,901826684,1650000,1326,2024-02-11 18:14:15.298525+00,2024-02-11
UCeo3JwE3HezUWFdVcehQk9Q,360055864,2770000,702,2024-02-11 18:14:15.298525+00,2024-02-11
UCEsinqZjZ11w0T9ZvyKIr6A,2054547293,1780000,2078,2024-02-11 18:14:15.298525+00,2024-02-11
UCFsNxYnUEs4tcqyddJhW43g,960189572,1420000,1299,2024-02-11 18:14:15.298525+00,2024-02-11
UCFsXFlbI8FpNAVQ_RL3I4bw,1376503530,3510000,1213,2024-02-11 18:14:15.298525+00,2024-02-11
UCFUtqTcgJgRnmZ3tMU6P74Q,1704640449,3600000,1105,2024-02-11 18:14:15.298525+00,2024-02-11
UCFycVZXj9fRWB_OZfFKe2PA,415596510,1070000,689,2024-02-11 18:14:15.298525+00,2024-02-11
UCGbshtvS9t-8CW11W7TooQg,2087322452,6670000,9490,2024-02-11 18:14:15.298525+00,2024-02-11
UCgDbdS9sm90CG771uznT8wg,882881078,1430000,16243,2024-02-11 18:14:15.298525+00,2024-02-11
UCgdwtyqBunlRb-i-7PnCssQ,1245155330,2050000,11960,2024-02-11 18:14:15.298525+00,2024-02-11
UCGGrblndNzi86WY5lJkQJiA,296449372,1420000,1561,2024-02-11 18:14:15.298525+00,2024-02-11
UCGpNjY0Xq2GJLXh4OOX1LOA,275202106,1450000,362,2024-02-11 18:14:15.298525+00,2024-02-11
UCH3aos_uf4pGHbkANSbceEg,1144434683,2140000,449,2024-02-11 18:14:15.298525+00,2024-02-11
UCHm9SiOLG8UoBT8STWY5mVA,1289988245,5830000,871,2024-02-11 18:14:15.298525+00,2024-02-11
UCI1zO6-A3h7DHg-R_x34vLg,411721192,1360000,4939,2024-02-11 18:14:15.298525+00,2024-02-11
UCI7ktPB6toqucpkkCiolwLg,609376257,3540000,722,2024-02-11 18:14:15.298525+00,2024-02-11
UCIECJyQ6meDyN-UnVHgXAMA,2138144435,1880000,18466,2024-02-11 18:14:15.298525+00,2024-02-11
UCIF_gt4BfsWyM_2GOcKXyEQ,314775590,1580000,736,2024-02-11 18:14:15.298525+00,2024-02-11
UCiMiEL1XRXANaypB2wEdr5w,4336165218,1650000,33839,2024-02-11 18:14:15.298525+00,2024-02-11
UCIU8ha-NHmLjtUwU7dFiXUA,5265576921,2520000,174494,2024-02-11 18:14:15.298525+00,2024-02-11
UCiWRSesvSYmY7YOyz0tv_zQ,1723084815,1580000,14695,2024-02-11 18:14:15.298525+00,2024-02-11
UCiWXd0nmBjlKROwzMyPV-Nw,839856414,1380000,4181,2024-02-11 18:14:15.298525+00,2024-02-11
UCjhwHd3mgmqm0ONm0bXKmng,249818174,1380000,305,2024-02-11 18:14:15.298525+00,2024-02-11
UCJWXJTaLqI5KBnJuaXbCaTg,284208312,1580000,469,2024-02-11 18:14:15.298525+00,2024-02-11
UCKQVSNdzGBJSXaUmS4TOWww,4640252829,3120000,34805,2024-02-11 18:14:15.298525+00,2024-02-11
UCLW_SzI9txZvtOFTPDswxqg,832358735,2340000,1447,2024-02-11 18:14:15.298525+00,2024-02-11
UCLZBXiS9ZrIXgKBs_SMfGBQ,1863521130,1440000,35749,2024-02-11 18:14:15.298525+00,2024-02-11
UCmdVfsLHu18lCkKYXSOGUxg,2097545106,1550000,195259,2024-02-11 18:14:15.298525+00,2024-02-11
UCnJEWsS5agXCkqIpyHC9Grg,2250097406,3130000,5104,2024-02-11 18:14:15.298525+00,2024-02-11
UCnWCj9UofS6OxSK34xWvKCg,4023122343,6000000,2373,2024-02-11 18:14:15.298525+00,2024-02-11
UCPcF3KTqhD67ADkukx_OeDg,5769393591,3530000,5665,2024-02-11 18:14:15.298525+00,2024-02-11
UCPRWWKG0VkBA0Pqa4Jr5j0Q,1033826278,2570000,2823,2024-02-11 18:14:15.298525+00,2024-02-11
UCpSB70OL7IO7RnZCj_7MQDw,512362479,1360000,2494,2024-02-11 18:14:15.298525+00,2024-02-11
UCpu3bemTQwAU8PqM4kJdoEQ,4100045387,2410000,272590,2024-02-11 18:14:15.298525+00,2024-02-11
UCPwxSX0DYDMQxCvgfeVDv_g,728524813,2510000,1028,2024-02-11 18:14:15.298525+00,2024-02-11
UCQU5uVTG8h9LToACKrm1LMA,1133838346,1550000,3081,2024-02-11 18:14:15.298525+00,2024-02-11
UCR3asjvr_WAaxwJYEDV_Bfw,5371316381,2340000,411045,2024-02-11 18:14:15.298525+00,2024-02-11
UCr90FXGOO8nAE9B6FAUeTNA,198618122,1790000,766,2024-02-11 18:14:15.298525+00,2024-02-11
UCrLO-yoAu4ZTzRSdmWqS53A,1352507731,3150000,2006,2024-02-11 18:14:15.298525+00,2024-02-11
UCSKNqZgZwPlKrKobdfcPGPg,16173378,179000,119,2024-02-11 18:14:15.298525+00,2024-02-11
UCStpPtoeQUYII1Jsbl0qf8A,836227451,1580000,868,2024-02-11 18:14:15.298525+00,2024-02-11
UCsyxqzJGL20zRlnmD2bkPqg,1482968857,1420000,331,2024-02-11 18:14:15.298525+00,2024-02-11
UCtcaZ5FUqaNXGX6xhpiGPQA,538787058,1600000,749,2024-02-11 18:14:15.298525+00,2024-02-11
UCttafJi4SCirZhlxsxISbyA,1942391074,3040000,1824,2024-02-11 18:14:15.298525+00,2024-02-11
UCV1OpUwWJCMiv6gJCRR6yAg,344253760,1730000,339,2024-02-11 18:14:15.298525+00,2024-02-11
UCV_S2S-Zs8LeuJxK-T3RQQg,1030651186,2230000,1644,2024-02-11 18:14:15.298525+00,2024-02-11
UCvw1LiGdyulhnGksJlGWB6g,3291858780,9620000,481,2024-02-11 18:14:15.298525+00,2024-02-11
UCw2W7GIqJNB-UMUxncnMuiw,551710681,1570000,623,2024-02-11 18:14:15.298525+00,2024-02-11
UCwWXGnvVmi-6Sfx2wf8S8tQ,624674015,1610000,7183,2024-02-11 18:14:15.298525+00,2024-02-11
UCX9VHpN62jkqCCntHxymPOA,4044516294,3040000,27440,2024-02-11 18:14:15.298525+00,2024-02-11
UCXpxKdZAiyUEaTkoCPpEZzg,2143279718,5190000,300,2024-02-11 18:14:15.298525+00,2024-02-11
UCxUzQ3wu0oJP_8YLWt71WgQ,660440939,1500000,1078,2024-02-11 18:14:15.298525+00,2024-02-11
UC2TuODJhC03pLgd6MpWP0iw,3847189163,1760000,196477,2024-02-12 13:48:50.353089+00,2024-02-12
UC3LBFXbWtEBdOOUb8-qJm9Q,823630126,2260000,800,2024-02-12 13:48:50.353089+00,2024-02-12
UC4Aclpo5YyXbKPeiZNO_uiw,1239285781,1900000,1056,2024-02-12 13:48:50.353089+00,2024-02-12
UC5l1Yto5oOIgRXlI4p4VKbw,3299529296,3280000,116137,2024-02-12 13:48:50.353089+00,2024-02-12
UC5nwNW4KdC0SzrhF9BXEYOQ,5778342656,2580000,432279,2024-02-12 13:48:50.353089+00,2024-02-12
UC6FcYHEm7SO1jpu5TKjNXEA,1153760469,3570000,338,2024-02-12 13:48:50.353089+00,2024-02-12
UC6VKHP606ee6ffKwKmBHSig,369998492,1590000,240,2024-02-12 13:48:50.353089+00,2024-02-12
UC7ia-A8gma8qcdC6GDcjwsQ,321189666,1410000,580,2024-02-12 13:48:50.353089+00,2024-02-12
UC7ovu6a8ydIbDy0fAKmoZ9A,3999503375,2750000,2206,2024-02-12 13:48:50.353089+00,2024-02-12
UC7XxnhjdYjiQJ3m80K_N_4g,179340977,1370000,141,2024-02-12 13:48:50.353089+00,2024-02-12
UC8CU5nVhCQIdAGrFFp4loOQ,4171577284,2940000,27,2024-02-12 13:48:50.353089+00,2024-02-12
UC8wI85SlecrsLdPm-I73PzA,394340230,1470000,305,2024-02-12 13:48:50.353089+00,2024-02-12
UC8zkK0-g8S8Z_t8ZjUmpAlA,186552979,1540000,569,2024-02-12 13:48:50.353089+00,2024-02-12
UC9i2Qgd5lizhVgJrdnxunKw,358907829,1830000,416,2024-02-12 13:48:50.353089+00,2024-02-12
UC9YOQFPfEUXbulKDtxeqqBA,370999222,1140000,668,2024-02-12 13:48:50.353089+00,2024-02-12
UCAqzHNzLTC6Vm5UYE7xw_2A,707553936,1620000,11981,2024-02-12 13:48:50.353089+00,2024-02-12
UCAYrMNl92jw6cpjdpBP8JyA,371030186,2550000,565,2024-02-12 13:48:50.353089+00,2024-02-12
UCbIJeyl_va8MG2xx0q4Uobg,372517170,1470000,360,2024-02-12 13:48:50.353089+00,2024-02-12
UCcb9uxCoIgw7RQjQnlgd0Xw,187021239,1460000,605,2024-02-12 13:48:50.353089+00,2024-02-12
UCCBq7s8VOCyek275uvq5lYQ,561308255,1540000,2003,2024-02-12 13:48:50.353089+00,2024-02-12
UCCsUQXwhDj4iVlhG4VCq6Kg,2558945677,1540000,1568,2024-02-12 13:48:50.353089+00,2024-02-12
UCCtTgzGzQSWVzCG0xR7U-MQ,401370391,1500000,3840,2024-02-12 13:48:50.353089+00,2024-02-12
UCdEpz2A4DzV__4C1x2quKLw,114843043,1410000,490,2024-02-12 13:48:50.353089+00,2024-02-12
UCDrswN-SqWh7Kii62h9aXGA,624368897,1780000,725,2024-02-12 13:48:50.353089+00,2024-02-12
UCdxoeijd8BEuQlARHDcz4EA,831690507,1410000,351,2024-02-12 13:48:50.353089+00,2024-02-12
UCEfetJrzg6OcXWWuX8uhdhw,902001468,1650000,1326,2024-02-12 13:48:50.353089+00,2024-02-12
UCeo3JwE3HezUWFdVcehQk9Q,360085404,2770000,702,2024-02-12 13:48:50.353089+00,2024-02-12
UCEsinqZjZ11w0T9ZvyKIr6A,2054755840,1780000,2078,2024-02-12 13:48:50.353089+00,2024-02-12
UCFsNxYnUEs4tcqyddJhW43g,960401177,1420000,1299,2024-02-12 13:48:50.353089+00,2024-02-12
UCFsXFlbI8FpNAVQ_RL3I4bw,1376838011,3510000,1214,2024-02-12 13:48:50.353089+00,2024-02-12
UCFUtqTcgJgRnmZ3tMU6P74Q,1722008098,3600000,1105,2024-02-12 13:48:50.353089+00,2024-02-12
UCFycVZXj9fRWB_OZfFKe2PA,415665701,1070000,689,2024-02-12 13:48:50.353089+00,2024-02-12
UCGbshtvS9t-8CW11W7TooQg,2088925877,6680000,9491,2024-02-12 13:48:50.353089+00,2024-02-12
UCgDbdS9sm90CG771uznT8wg,884106598,1430000,16256,2024-02-12 13:48:50.353089+00,2024-02-12
UCgdwtyqBunlRb-i-7PnCssQ,1246273030,2050000,11962,2024-02-12 13:48:50.353089+00,2024-02-12
UCGGrblndNzi86WY5lJkQJiA,296523933,1420000,1561,2024-02-12 13:48:50.353089+00,2024-02-12
UCGpNjY0Xq2GJLXh4OOX1LOA,275219648,1450000,362,2024-02-12 13:48:50.353089+00,2024-02-12
UCH3aos_uf4pGHbkANSbceEg,1144732112,2140000,449,2024-02-12 13:48:50.353089+00,2024-02-12
UCHm9SiOLG8UoBT8STWY5mVA,1290156156,5830000,871,2024-02-12 13:48:50.353089+00,2024-02-12
UCI1zO6-A3h7DHg-R_x34vLg,411902548,1360000,4944,2024-02-12 13:48:50.353089+00,2024-02-12
UCI7ktPB6toqucpkkCiolwLg,609690078,3550000,722,2024-02-12 13:48:50.353089+00,2024-02-12
UCIECJyQ6meDyN-UnVHgXAMA,2138570667,1880000,18477,2024-02-12 13:48:50.353089+00,2024-02-12
UCIF_gt4BfsWyM_2GOcKXyEQ,314831434,1580000,737,2024-02-12 13:48:50.353089+00,2024-02-12
UCiMiEL1XRXANaypB2wEdr5w,4337230956,1650000,33846,2024-02-12 13:48:50.353089+00,2024-02-12
UCIU8ha-NHmLjtUwU7dFiXUA,5266834765,2520000,174555,2024-02-12 13:48:50.353089+00,2024-02-12
UCiWRSesvSYmY7YOyz0tv_zQ,1723468649,1580000,14699,2024-02-12 13:48:50.353089+00,2024-02-12
UCiWXd0nmBjlKROwzMyPV-Nw,840277688,1380000,4184,2024-02-12 13:48:50.353089+00,2024-02-12
UCjhwHd3mgmqm0ONm0bXKmng,249833167,1380000,305,2024-02-12 13:48:50.353089+00,2024-02-12
UCJWXJTaLqI5KBnJuaXbCaTg,284282145,1580000,469,2024-02-12 13:48:50.353089+00,2024-02-12
UCKQVSNdzGBJSXaUmS4TOWww,4641372772,3120000,34822,2024-02-12 13:48:50.353089+00,2024-02-12
UCLW_SzI9txZvtOFTPDswxqg,832518372,2340000,1447,2024-02-12 13:48:50.353089+00,2024-02-12
UCLZBXiS9ZrIXgKBs_SMfGBQ,1863713770,1440000,35749,2024-02-12 13:48:50.353089+00,2024-02-12
UCmdVfsLHu18lCkKYXSOGUxg,2098088119,1550000,195281,2024-02-12 13:48:50.353089+00,2024-02-12
UCnJEWsS5agXCkqIpyHC9Grg,2250341879,3130000,5104,2024-02-12 13:48:50.353089+00,2024-02-12
UCnWCj9UofS6OxSK34xWvKCg,4036911476,6020000,2373,2024-02-12 13:48:50.353089+00,2024-02-12
UCPcF3KTqhD67ADkukx_OeDg,5770741785,3530000,5666,2024-02-12 13:48:50.353089+00,2024-02-12
UCPRWWKG0VkBA0Pqa4Jr5j0Q,1033915145,2570000,2825,2024-02-12 13:48:50.353089+00,2024-02-12
UCpSB70OL7IO7RnZCj_7MQDw,512378280,1360000,2494,2024-02-12 13:48:50.353089+00,2024-02-12
UCpu3bemTQwAU8PqM4kJdoEQ,4101962187,2410000,272671,2024-02-12 13:48:50.353089+00,2024-02-12
UCPwxSX0DYDMQxCvgfeVDv_g,728606524,2510000,1028,2024-02-12 13:48:50.353089+00,2024-02-12
UCQU5uVTG8h9LToACKrm1LMA,1133940309,1550000,3082,2024-02-12 13:48:50.353089+00,2024-02-12
UCR3asjvr_WAaxwJYEDV_Bfw,5374477544,2340000,411145,2024-02-12 13:48:50.353089+00,2024-02-12
UCr90FXGOO8nAE9B6FAUeTNA,198646289,1790000,766,2024-02-12 13:48:50.353089+00,2024-02-12
UCrLO-yoAu4ZTzRSdmWqS53A,1352830107,3150000,2006,2024-02-12 13:48:50.353089+00,2024-02-12
UCSKNqZgZwPlKrKobdfcPGPg,16189205,180000,119,2024-02-12 13:48:50.353089+00,2024-02-12
UCStpPtoeQUYII1Jsbl0qf8A,836299975,1580000,868,2024-02-12 13:48:50.353089+00,2024-02-12
UCsyxqzJGL20zRlnmD2bkPqg,1491527762,1420000,331,2024-02-12 13:48:50.353089+00,2024-02-12
UCtcaZ5FUqaNXGX6xhpiGPQA,538877305,1600000,749,2024-02-12 13:48:50.353089+00,2024-02-12
UCttafJi4SCirZhlxsxISbyA,1942942879,3040000,1824,2024-02-12 13:48:50.353089+00,2024-02-12
UCV1OpUwWJCMiv6gJCRR6yAg,344614933,1730000,339,2024-02-12 13:48:50.353089+00,2024-02-12
UCV_S2S-Zs8LeuJxK-T3RQQg,1031199631,2230000,1645,2024-02-12 13:48:50.353089+00,2024-02-12
UCvw1LiGdyulhnGksJlGWB6g,3297179529,9630000,481,2024-02-12 13:48:50.353089+00,2024-02-12
UCw2W7GIqJNB-UMUxncnMuiw,551768893,1570000,625,2024-02-12 13:48:50.353089+00,2024-02-12
UCwWXGnvVmi-6Sfx2wf8S8tQ,625084393,1610000,7188,2024-02-12 13:48:50.353089+00,2024-02-12
UCX9VHpN62jkqCCntHxymPOA,4045493662,3040000,27443,2024-02-12 13:48:50.353089+00,2024-02-12
UCXpxKdZAiyUEaTkoCPpEZzg,2144375213,5190000,300,2024-02-12 13:48:50.353089+00,2024-02-12
UCxUzQ3wu0oJP_8YLWt71WgQ,660528612,1500000,1078,2024-02-12 13:48:50.353089+00,2024-02-12
